{"cameraMode":{"drawMode":0,"name":"Shaded","section":"Shading Mode"},"sceneLighting":false,"audioPlay":false,"sceneViewState":{"showFog":true,"showMaterialUpdate":false,"showSkybox":true,"showFlares":true,"showImageEffects":true,"showParticleSystems":true},"in2DMode":false,"pivot":{"x":-0.021318510174751283,"y":0.02707219123840332,"z":8.0},"rotation":{"x":0.6598128080368042,"y":0.020973432809114457,"z":-0.018395137041807176,"w":0.750931441783905},"size":3.4665145874023439,"orthographic":false}