{"cameraMode":{"drawMode":0,"name":"Shaded","section":"Shading Mode"},"sceneLighting":false,"audioPlay":false,"sceneViewState":{"showFog":true,"showMaterialUpdate":false,"showSkybox":true,"showFlares":true,"showImageEffects":true,"showParticleSystems":true},"in2DMode":false,"pivot":{"x":3.615060567855835,"y":-4.5529279708862309,"z":9.785266876220704},"rotation":{"x":0.44668644666671755,"y":0.09497527033090592,"z":-0.04774400591850281,"w":0.888367772102356},"size":3.590766668319702,"orthographic":false}